2025-04-09 22:01:18.815742,"Hi Anita

YESTERDAY'S WINNERS (MY TEAM):

Six of my members won 185 Rewardicals

Selvaraj P. — 50 RTs

Nikesh B. — 50 RTs

happy w. — 25 RTs

Ajit K. — 25 RTs

Rajendra Babu E O B. — 25 RTs

Matilda M. — 10 RTs


Sfi DAILY REWARDS WINNERS

These members at SFI won Daily Grand reward

Just visit SFI home page and click Daily Grand button to win upto 500 rt a day

What I do 5 min Daily on SFI homepage

First, I got Premium plus subscription using Rewardical exchange

I also join Wealthy Affiliate program and Great Life subscription

Why I joined above two Earnings program

Whenever my members join I receive a message that I earned a mew member who will grow my income

So join it and I will get informed

With each new member who  join Wealthy Affiliate amd Great Life subscription

My earning will grow

Link to join is on SFI homepage.


So you too get SFI Premium plus and click Daily Grand button to earn extra Rewardicals DAILY

Just like above winners in my SFI team.

Have a great day

I feel happy when my team participate just 5 minutes a day

Exchange Rewardicals to Tcredits or bitcoin or silver coins at Rewardical website



And grow income.


                This message has been sent to you courtesy of SFI (https://www.sfimg.com/) on behalf of Sanjay Sharma (raju11sep@gmail.com), your assigned Personal Advisor in SFI. If you wish to respond, reply directly to Sanjay Sharma at (raju11sep@gmail.com).  To opt out of future mailings from Sanjay Sharma, click here: https://www.sfimg.com/PopUp/Block?id=13148117&type=group_mail",Spam,N/A
